00;1;num
003;1;num
007;1;num
009;1;num
0122198;1;num
070;1;num
074_qo;1;nr
103;1;num
107;1;num
109;1;num
10_092020;1;nr
10_09_2020;1;nr
114;1;num
117;1;num
119;1;num
123;1;num
125;1;num
130;1;num
130_qo;1;nr
132;1;num
134;1;num
135;1;num
137;1;num
139;1;num
13_16;1;nr
140;1;num
144;1;num
144615;1;num
145;1;num
146;1;num
149_150;1;nr
150;1;num
152;1;num
159_160;1;nr
160;1;num
16_18;1;nr
177;1;num
17h;1;nr
185_191;1;nr
186;1;num
1899;1;num
18_03_2014;1;nr
1980;1;num
1982;1;num
1988;1;num
1990;1;num
1994;1;num
1997;1;num
1998;1;num
1999;1;num
19_03_2014;1;nr
1i;1;nr
1min;1;nr
2001;1;num
2002;1;num
2003;1;num
2007;1;num
212;1;num
21_052019;1;nr
22_05_2019;1;nr
231;1;num
254;1;num
264;1;num
267;1;num
26_03_2019;1;nr
26_10_2020;1;nr
277;1;num
27_10_2020;1;nr
2p;1;nr
310;1;num
313_341;1;nr
314;1;num
316;1;num
319;1;num
31luciano;1;nr
353;1;num
35s;1;nr
376;1;num
379;1;num
3858;1;num
395;1;num
398;1;num
399;1;num
404;1;num
409;1;num
414;1;num
434;1;num
435_quarto_agr;1;nr
45;1;num
48;1;num
492;1;num
493;1;num
5006205;1;num
500661729;1;num
50213653220174047000;1;num
502561440;1;num
50256144020184040000;1;num
502563516;1;num
504651294;1;num
50465129420164047000;1;num
50631301720164047000;1;num
519;1;num
535;1;num
555_extn_terceira_agr;1;nr
56_72;1;nr
57;1;num
570;1;num
58;1;num
583;1;num
60;1;num
615;1;num
622;1;num
68;1;num
70;1;num
70001744026;1;num
705;1;num
74;1;num
77;1;num
808;1;num
84;1;num
86;1;num
892;1;num
937;1;num
943;1;num
95518;1;num
98;1;num
98144777;1;num
981447777;1;num
991;1;num
abrangente;1;adj
abranger;1;ver
abril;1;nom
absolver;1;ver
absolvição;1;nom
abundante;1;adj
abusar;1;ver
acalmar;1;ver
acarretar;1;ver
acerto;1;nom
acervo;1;nom
acobertar;1;ver
acoimado;1;nr
acolhimento;1;nom
acomunados;1;nr
aconselhamento;1;nom
aconselhar;1;ver
acordado;1;adj
acreditar;1;ver
acrescentar;1;ver
acumulado;1;adj
acumular;1;ver
ad;1;nr
ad_hoc;1;nr
adequadamente;1;adv
adequado;1;adj
adivinhar;1;ver
adjetivar;1;ver
administrador;1;nom
administrar;1;ver
administrativo;1;adj
administração;1;nom
admissibilidade;1;nom
adoção;1;nom
adv;1;nr
afeição;1;nom
aferível;1;adj
afetado;1;adj
afinal;1;adv
afirmacao;1;nr
afirmação;1;nom
afligir;1;ver
agasalho;1;nom
agr_quarto;1;nr
agreguemos;1;nr
agressivo;1;adj
agrquarto;1;nr
agu;1;nr
ajuizado;1;adj
alaor;1;nr
alastrar;1;ver
alcance;1;nom
alcançado;1;adj
alcançar;1;ver
alegante;1;nr
alegre;1;adj
alemanha;1;nom
alemão;1;adj
alertar;1;ver
algar;1;nr
alguem;1;nr
algumasquestão;1;nr
aliado;1;nom
aliança;1;nom
alimentar;1;ver
alinhamento;1;nom
alongar;1;ver
alterar;1;ver
alteração;1;nom
alternado;1;adj
alternar;1;ver
alternativamente;1;adv
alternativo;1;adj
alto;1;adj
altura;1;nom
amanhar;1;ver
ambiental;1;adj
ambiente;1;nom
ambos;1;adj_num
amedrontar;1;ver
americano;1;adj
ampliativos;1;nr
amplificar;1;ver
ancilar;1;nr
and;1;nr
andrei;1;nom
andrew;1;nom
animosidade;1;nom
anormalidade;1;nom
antagônico;1;adj
antecipassem;1;nr
antecipação;1;nom
antemão;1;nom
antena;1;nom
antigamente;1;adv
antigo;1;adj
antónio;1;nom
anônimo;1;adj
aparamentar;1;ver
aparelho;1;nom
aparentar;1;ver
aparente;1;adj
apartamento;1;nom
apertado;1;adj
aplicado;1;adj
aplicável;1;adj
apontado;1;adj
apreciar;1;ver
aprender;1;ver
apreço;1;nom
aprofundado;1;adj
aprofundo;1;nr
aproveitar;1;ver
aptar;1;ver
apurado;1;adj
aqui_cf;1;nr
arantes;1;nom
ardiloso;1;adj
argüição;1;nom
armenta;1;nr
arranjo;1;nom
arrecadar;1;ver
arrepio;1;nom
arresto;1;nom
arrolar;1;ver
arrosta;1;nr
arroubo;1;nom
artista;1;nom
arts;1;nr
assemelhar;1;ver
assertiva;1;nom
assessoria;1;nom
assinante;1;nom
associar;1;ver
associação;1;nom
assumido;1;adj
atemporal;1;adj
atentado;1;nom
atentar;1;ver
atentatório;1;adj
ativismo;1;nom
atrair;1;ver
atrativo;1;adj
atrás;1;adv
atípico;1;adj
aury;1;nr
ausente;1;adj
autenticidade;1;nom
autointitulavam;1;nr
autor;1;nom
autoria;1;nom
autônomo;1;adj
aval;1;nom
avaliar;1;ver
aventura;1;nom
avistar;1;ver
avocar;1;ver
avocação;1;nom
azar;1;ver
azeitar;1;nr
aéreo;1;adj
ba;1;nr
bachmaier;1;nr
bailar;1;ver
balança;1;nom
balcão;1;nom
baltasar;1;nom
banca;1;nom
band;1;nr
bargaining;1;nr
barra;1;nom
baseado;1;adj
bastidor;1;nom
batalha;1;nom
bd;1;nr
beck;1;nr
belo;1;adj
beltrán;1;nr
bernardo;1;nom
binder;1;nr
bitencourt;1;nr
bittencourt;1;nr
bizarro;1;adj
bloco;1;nom
bndes;1;nr
bnds;1;nr
bom18;1;nr
bomfim;1;nr
borogodó;1;nr
bourdon;1;nr
branco;1;adj
brandir;1;ver
brasília_df;1;nr
brigar;1;ver
brigham;1;nr
brilhante;1;adj
britto;1;nom
bruce;1;nr
bruxelas;1;nom
burmann;1;nr
bverfge;1;nr
cabalmente;1;adv
cabo;1;nom
cadeia;1;nom
cafe;1;nr
café;1;nom
cair;1;ver
calmon;1;nom
calçar;1;ver
caminhar;1;ver
candidatura;1;nom
capaz;1;adj
cara;1;nom
carmem;1;nom
carregar;1;ver
carácter;1;nom
casar;1;ver
cassar;1;ver
cassassan;1;nr
cassação;1;nom
castillo;1;nr
casu;1;nr
catanduvas;1;nr
categórico;1;adj
catenacci;1;nr
catálogo;1;nom
cautela;1;nom
ccf;1;nr
celeridade;1;nom
cemitério;1;nom
cena;1;nom
censura;1;nom
censurar;1;ver
centena;1;nom
centralismo;1;nom
cercar;1;ver
cerne;1;nom
certeza;1;nom
cf_oab;1;nr
chance;1;nom
chancelar;1;ver
checar;1;ver
chocado;1;adj
chocar;1;ver
christophe;1;nom
cidadania;1;nom
cientificar;1;ver
científico;1;adj
cinge_se;1;nr
cingir;1;ver
cinismo;1;nom
circulação;1;nom
circunstancial;1;adj
ciudad;1;nr
clandestinamente;1;adv
clarividente;1;adj
cliente_advogado;1;nr
clássico;1;adj
coacao;1;nr
coacusado;1;nr
coadunar;1;ver
coator;1;nr
cobrar;1;ver
cobre;1;nom
coerente;1;adj
coerção;1;nom
coincidir;1;ver
coincidência;1;nom
coitado;1;adj
colarinho;1;nom
colateral;1;adj
coletividade;1;nom
coletivo;1;adj
collor;1;nom
colombia;1;nr
comandar;1;ver
começar;1;ver
começo;1;nom
comigo;1;pro_ind
comparar;1;ver
comparecimento;1;nom
compartilhamento;1;nom
competir;1;ver
complacência;1;nom
complementação;1;nom
complemento;1;nom
completo;1;adj
complexo;1;adj
composto;1;nom
comprar;1;ver
compreensão;1;nom
comprometer;1;ver
comprometido;1;adj
comprometimento;1;nom
compromisso;1;nom
comprovação;1;nom
comumente;1;adv
comunitário;1;adj
comércio;1;nom
conceito;1;nom
concentração;1;nom
concepção;1;nom
concessa;1;nr
conchavam;1;nr
concretamente;1;adv
concretização;1;nom
condicionar;1;ver
conditio;1;nr
conducoes;1;nr
confabular;1;ver
confessar;1;ver
configurador;1;adj
confirmatório;1;adj
conflitar;1;ver
conflito;1;nom
confortar;1;ver
confrontar;1;ver
confundir;1;ver
conglobante;1;nr
congonha;1;nom
congratular;1;ver
congratulação;1;nom
conjuntamente;1;adv
conjuntural;1;adj
conluio;1;nom
consciente;1;adj
conscientemente;1;adv
conseguissemos;1;nr
consistência;1;nom
consoante;1;pre
consolidar;1;ver
constitucionalidade;1;nom
constitucionalmente;1;adv
construção;1;nom
consuetudinário;1;adj
consulta;1;nom
consumar;1;ver
consumação;1;nom
conta;1;nom
contente;1;adj
contenção;1;nom
contestar;1;ver
conteudo;1;nr
contextualização;1;nom
continente;1;nom
contingência;1;nom
conto;1;nom
contradição;1;nom
contraponto;1;nom
contraprestação;1;nom
contrato;1;nom
contribuir;1;ver
controlador;1;nom
controlar;1;ver
controverso;1;adj
controverter;1;ver
controvérsia;1;nom
contundente;1;adj
conturbado;1;adj
contínuo;1;adj
convencimento;1;nom
convencional;1;adj
conversar;1;ver
conversarem11;1;nr
conversação;1;nom
converter;1;ver
convicting;1;nr
convicto;1;adj
copiar;1;ver
cordeiro;1;nom
cordero;1;nr
corpus;1;nom
correaque;1;nr
corregedor;1;nom
corrigir;1;ver
corriqueiro;1;adj
corrupto;1;adj
corréu;1;nr
costurar;1;ver
crença;1;nom
criminalidade;1;nom
criminalização;1;nom
crise;1;nom
cristalino;1;adj
cristiano;1;nom
crivo;1;nom
cronograma;1;nom
crível;1;adj
cuidadosamente;1;adv
culminar;1;ver
cumplicidade;1;nom
curinga;1;nom
curiosidade;1;nom
curitiba_pr;1;nr
curto;1;adj
cáceres;1;nom
cárcere;1;nom
cármen;1;nr
câmara;1;nom
d;1;nom_sup
dagua;1;nr
dano;1;nom
datar;1;ver
daubler_gmelin;1;nr
de13;1;nr
debater;1;ver
debatido;1;adj
decano;1;nom
decidido;1;adj
declinação;1;nom
decretado;1;adv
decretações;1;nr
dedicar;1;ver
dedicação;1;nom
defensoria;1;nom
definitivamente;1;adv
deflagrar;1;ver
deflagração;1;nom
degravar;1;nr
degravação;1;nr
delcidio;1;nr
delegado;1;nom
deliberar;1;ver
demarcar;1;ver
demarcação;1;nom
demonstração;1;nom
den;1;nr
denegado;1;nr
denegar;1;ver
denegatório;1;adj
denegação;1;nom
denotador;1;nr
denotativo;1;adj
denso;1;adj
denunciaremos;1;nr
depalma;1;nr
depreender;1;ver
deputado;1;nom
derivado;1;nom
derrapar;1;ver
des;1;nr
desacerto;1;nom
desacreditar;1;ver
desaperceber;1;ver
desapercebido;1;adj
desapreço;1;nom
desbordam;1;nr
descabido;1;adj
descobrir;1;ver
descomedimentos;1;nr
desconectada;1;nr
desconfiança;1;nom
desconforto;1;nom
desconstituídas;1;nr
desconstituído;1;nr
descreveríamos;1;nr
descuido;1;nom
desculpa;1;nom
desculpar;1;ver
descumprir;1;ver
desdobrar;1;ver
desejado;1;adj
desejar;1;ver
desejo;1;nom
desempenhar;1;ver
desenvolvido;1;adj
desequilibrar;1;ver
designar;1;ver
desinteressado;1;adj
deslegitimação;1;nr
desmembramento;1;nom
desnecessidade;1;nom
desnudar;1;ver
despacho;1;nom
desperdício;1;nom
despiciendo;1;adj
despido;1;adj
despontar;1;ver
desprotegido;1;adj
destacado;1;adj
destaque;1;nom
destinatário;1;nom
destituir;1;ver
destruição;1;nom
desvendar;1;ver
desvirtuação;1;nom
detalhado;1;adj
detentor;1;nom
deturpação;1;nom
deve_se;1;nr
deveras;1;adv
devolver;1;ver
dezembro;1;nom
dezena;1;nom
dianteiro;1;adj
didaticamente;1;adv
diego;1;nom
dificil;1;nr
diligenciar;1;ver
diminuto;1;adj
dinâmico;1;adj
diretor;1;nom
diretor_geral;1;nr
disciplinador;1;adj
discordar;1;ver
dispensar;1;ver
dispor;1;ver
dispos;1;nr
disposicao;1;nr
dissimulado;1;adj
distanciamento;1;nom
distanz;1;nr
distinguir;1;ver
distribuição;1;nom
distância;1;nom
ditadura;1;nom
ditame;1;nom
ditar;1;ver
divergente;1;adj
divergir;1;ver
diversionismo;1;nr
dividir;1;ver
divisão;1;nom
dje_054;1;nr
dje_107;1;nr
dje_258;1;nr
documental;1;adj
doleiro;1;nom
dominar;1;ver
dono;1;nom
dotar;1;ver
doutrinário;1;adj
doze;1;adj_num
dps;1;nr
droussy;1;nr
dupla;1;nom
duplicação;1;nom
duramente;1;adv
duração;1;nom
duro;1;adj
duzentos;1;adj_num
dvd;1;nr
eclodir;1;ver
economia;1;nom
edicoes;1;nr
editar;1;ver
editor;1;nom
editorial;1;adj
edição;1;nom
eduardo;1;nom
efeito_surpresa;1;nr
efervescência;1;nom
efetivar;1;ver
efetividade;1;nom
efetuar;1;ver
eficácia;1;nom
el;1;nr
elencando;1;nr
elevação;1;nom
eliana;1;nom
eliminar;1;ver
elucidativo;1;adj
emaranhado;1;adj
embaraço;1;nom
embargo;1;nom
embasamento;1;nom
embasar;1;ver
embasará;1;nr
eminentemente;1;adv
empoderada;1;nr
empoderando;1;nr
empreiteiro;1;nom
empresarial;1;adj
empresário;1;nom
empréstimo;1;nom
encadeamento;1;nom
encaminhamento;1;nom
encarregar;1;ver
encerrado;1;adj
energia;1;nom
enfraquecer;1;ver
engano;1;nom
enjambradas;1;nr
enredo;1;nom
enriquecimento;1;nom
ensaio;1;nom
ensejar;1;ver
entrega;1;nom
entrelinha;1;nom
enviesar;1;ver
eproc;1;nr
equilíbrio;1;nom
esbarrar;1;ver
escalar;1;ver
escancarado;1;adj
escancaramento;1;nr
escusar;1;ver
escuso;1;adj
escuta;1;nom
escândalo;1;nom
esforço;1;nom
esgotar;1;ver
espaco;1;nr
espanhois;1;nr
especialista;1;nom
esperado;1;adj
espetacularização;1;nr
espetaculoso;1;adj
espontaneamente;1;adv
espontaneidade;1;nom
esquadrão;1;nom
esquivar;1;ver
estadual;1;adj
estipular;1;ver
estrago;1;nom
estrangeiro;1;adj
estranho;1;adj
estratégico;1;adj
estreia;1;nom
estrito;1;adj
estrutura;1;nom
estrutural;1;adj
estruturar;1;ver
estudo;1;nom
esvaziado;1;adj
eugênio;1;nom
evasão;1;nom
evoluir;1;ver
evolução;1;nom
ex_assessora;1;nr
ex_chefe;1;nr
ex_deputado;1;nr
ex_diretor;1;nr
ex_membros;1;nr
ex_ministra;1;nr
ex_ministro_da_justiça;1;nr
ex_ministros;1;nr
ex_procurador;1;nr
exacerbado;1;adj
exagero;1;nom
exatamente;1;adv
exaurir;1;ver
excelência;1;pro_ind
excepcionalidade;1;nr
excepcionalmente;1;adv
excerto;1;nom
excessivo;1;adj
exceção;1;nom
excludente;1;adj
execrável;1;adj
exercido;1;adj
exigência;1;nom
exmembros;1;nr
exministros;1;nr
exonerar;1;ver
expandir;1;ver
expansivo;1;adj
expedirem;1;nr
experimento;1;nom
explicitamente;1;adv
exploração;1;nom
expresión;1;nr
expressivo;1;adj
externalizei;1;nr
extrajudicial;1;adj
extraordinário;1;adj
extraprocessuais;1;nr
extraterritorialidade;1;nom
exógeno;1;adj
facilmente;1;adv
faculdade;1;nom
falhar;1;ver
fama;1;nom
farto;1;adj
fascista;1;adj
favorito;1;adj
favretto;1;nr
faísca;1;nom
feb;1;nr
fechado;1;adj
fechar;1;ver
fecho;1;nom
federação;1;nom
feixe;1;nom
fernanda;1;nom
feroz;1;adj
ferramenta;1;nom
ferrua;1;nr
fichar;1;ver
figurar;1;ver
figurei;1;nr
figurino;1;nom
filigrama;1;nr
financeiro;1;adj
firmar;1;ver
fita;1;nom
fl;1;nr
focar;1;ver
fogueira;1;nom
fone;1;nom
forca;1;nom
formalmente;1;adv
formar;1;ver
formulação;1;nom
fortemente;1;adv
foto;1;nom
foz;1;nom
fraco;1;adj
fragilização;1;nr
franqueara;1;nr
fraudar;1;ver
fraude;1;nom
fraudulento;1;adj
frequência;1;nom
friamente;1;adv
funcionário;1;nom
fundado;1;adj
fundação;1;nom
fundo;1;nom
futuro;1;adj
fático_probatório;1;nr
féria;1;nom
fórmula;1;nom
fórum;1;nom
g;1;nom_sup
gabrielli;1;nr
galvão;1;nom
garantido;1;adj
garzón;1;nr
gastar;1;ver
gc;1;nr
gebran;1;nr
gegenüber;1;nr
generis;1;nr
gentilmente;1;adv
genérico;1;adj
gerar;1;ver
gerenciar;1;ver
gestão;1;nom
giacomolli;1;nr
giusto;1;nr
gleise;1;nr
glenn;1;nom
global;1;adj
globonews;1;nr
goolge;1;nr
gosto;1;nom
gota;1;nom
gov;1;nr
governar;1;ver
grato;1;adj
gravado;1;adj
gravar;1;ver
graça;1;nom
greco;1;nr
greenwald;1;nr
grieves;1;nr
grinover;1;nr
grobba;1;nr
grosseiramente;1;adv
grundgesetz;1;nr
grundrechte;1;nr
guarujá;1;nom
guerra;1;nom
guido;1;nom
guimarães;1;nom
gz;1;nr
gênero;1;nom
habeas;1;nr
haddad;1;nom
hahahhahahaha;1;nr
hamilton;1;nom
hastear;1;ver
hc502561440;1;nr
henry;1;nom
hermético;1;adj
herta;1;nr
hessick;1;nr
higidez;1;nom
hipocrisia;1;nom
hoc;1;nr
hoffman;1;nom
hoje18;1;nr
holístico;1;adj
homem;1;nom
honorário;1;adj
horizontal;1;adj
horizonte;1;nom
humildade;1;nom
identificado;1;adj
ideológico;1;adj
idiossincrasia;1;nom
ignorado;1;adj
igualdade;1;nom
iguaçu;1;nom
ilmar;1;nr
iludir;1;ver
ilustre;1;adj
imaginar;1;ver
imbuir;1;ver
imenso;1;adj
imitado;1;adj
imoral;1;adj
impacto;1;nom
imparcialidad;1;nr
impasse;1;nom
impeachment;1;nom
impessoalidade;1;nom
implantar;1;ver
implementación;1;nr
implementar;1;ver
implementação;1;nom
impopular;1;adj
imposição;1;nom
impregnado;1;adj
impressionar;1;ver
impressão;1;nom
imprimir;1;ver
improbabilidade;1;nom
improcedente;1;adj
impugnativa;1;nr
impugnação;1;nom
impunidade;1;nom
imune;1;adj
imunidade;1;nom
inadvertidamente;1;adv
inaugurar;1;ver
incentivar;1;ver
incidir;1;ver
inclinado;1;adj
inclusão;1;nom
incompatibilidade;1;nom
incompatível;1;adj
inconsistente;1;adj
inconstitucionalidade;1;nom
incontinenti;1;adv
incontornável;1;adj
incorrer;1;ver
incriminador;1;adj
incriminação;1;nom
incursão;1;nom
incólume;1;adj
indagação;1;nom
indeferir;1;ver
indefinido;1;adj
independentemente;1;adv
indeterminado;1;adj
indiciária;1;nr
indigitadas;1;nr
indignação;1;nom
indiretamente;1;adv
indisponibilidade;1;nom
individual;1;adj
inequivocamente;1;adv
inescusável;1;adj
inevitável;1;adj
inexistente;1;adj
infame;1;adj
infeliz;1;adj
inferior;1;adj
infirmar;1;ver
informados18;1;nr
informativo;1;adj
infos;1;nr
infraero;1;nr
infração;1;nom
infrutífero;1;adj
iniciaram_se;1;nr
inidôneo;1;adj
inimizade;1;nom
injuriar;1;ver
injustificável;1;adj
innocent;1;nr
inovador;1;adj
inovação;1;nom
inquietação;1;nom
inquisitório;1;adj
inserir;1;ver
insistir;1;ver
insolúvel;1;adj
inspirar;1;ver
inspiração;1;nom
instante;1;nom
instaurar;1;ver
instauração;1;nom
institucionalizar;1;ver
instrumentalizada;1;nr
insuficiente;1;adj
insuficiência;1;nom
insuperável;1;adj
integralmente;1;adv
inteiro;1;adj
intelectual;1;adj
intencional;1;adj
interc;1;nr
interessado;1;adj
interferir;1;ver
interferência;1;nom
interpor;1;ver
interpretar;1;ver
interpretação;1;nom
interromper;1;ver
intervalo;1;nom
intervenção;1;nom
intimidade;1;nom
intitular;1;ver
intrigante;1;adj
introducción;1;nr
introduzir;1;ver
intrínseco;1;adj
invalidação;1;nom
invenção;1;nom
inverter;1;ver
investimento;1;nom
invocação;1;nom
inútil;1;adj
irmão;1;nom
irrefutável;1;adj
irrelevante;1;adj
irreparável;1;adj
isabel;1;nom
isenção;1;nom
isoladamente;1;adv
isolado;1;adj
itajaí;1;nom
italiano;1;adj
item;1;nom
itália;1;nom
jan;1;nr
janeiro;1;nom
janene;1;nr
jbs;1;nr
je;1;nr
jean_pierre;1;nr
jeanne;1;nom
jn;1;nr
joaquim;1;nom
jobim;1;nom
john;1;nom
jornalístico;1;adj
jose;1;nom
journal;1;nr
joão;1;nom
jr;1;nr
judicante;1;adj
judicializadas;1;nr
jueces;1;nr
jui;1;nr
jungman;1;nr
junho;1;nom
juntarao;1;nr
juridico;1;nr
jurisdicionar;1;ver
just;1;nr
justicia;1;nr
justificadamente;1;adv
justificado;1;adj
justificação;1;nom
justiçamento;1;nr
júlio;1;nom
kommentar;1;nr
krug;1;nr
lamentável;1;adj
laptop;1;nom
lastro;1;nom
laurita;1;nr
law;1;nr
le;1;nr
legalmente;1;adv
legislador;1;nom
legislativo;1;adj
legitimar;1;ver
legitimação;1;nom
leite;1;nom
lenha;1;nom
lenz;1;nr
lesionado;1;adj
lesão;1;nom
letra;1;nom
liberar;1;ver
libertad;1;nr
licitamente;1;adv
liii;1;nr
lills14;1;nr
limitação;1;nom
limpo;1;adj
link;1;nom
liv;1;nr
livro;1;nom
lixo;1;nom
localidade;1;nom
lograr;1;ver
londrino;1;adj
longe;1;adv
lopes;1;nom
lorena;1;nom
lotação;1;nom
luce;1;nr
lucidez;1;nom
luta;1;nom
lutar;1;ver
lv;1;nr
lvi;1;nr
lxiii;1;nr
lógica;1;nom
macrocriminalidade;1;nr
madri;1;nom
magistratura;1;nom
maio;1;nom
maluco;1;adj
malícia;1;nom
mancomunar;1;ver
mandato;1;nom
mando;1;nom
maneira;1;nom
manha;1;nom
manhã;1;nom
manifestante;1;nom
manifesto;1;nom
manipuladamente;1;nr
mantega;1;nr
maquiar;1;ver
marchand;1;nom
marcial;1;adj
marcio;1;nom
margem;1;nom
marinho;1;adj
marketing;1;nom
martin;1;nom
massa;1;nom
matar;1;ver
materialidade;1;nom
materialmente;1;adv
mau;1;adj
maunz_dürig;1;nr
may;1;nr
maya;1;nr
mdb;1;nr
meandro;1;nom
meditar;1;ver
melchior;1;nr
menino;1;nom
mental;1;adj
mentir;1;ver
menção;1;nom
meramente;1;adv
mercadejados;1;nr
meta;1;nom
metafísica;1;nom
michel;1;nom
midia;1;nr
midiáticas;1;nr
midiático;1;nr
mignard;1;nr
mil;1;adj_num
mil_réis;1;nr
milícia;1;nom
mimimi;1;nr
min;1;nr
ministerio;1;nr
ministério;1;nom
minoria;1;nom
minuto;1;nom
mise_en_scène;1;nr
mistura;1;nom
misturar;1;ver
modalidade;1;nom
modificação;1;nom
modus;1;nr
modéstia;1;nom
molde;1;nom
monitorados;1;nr
monitorando;1;nr
monitorava;1;nr
monitoriados;1;nr
monitorou;1;nr
montante;1;nom
monte;1;nom
montealegre;1;nr
moral;1;adj
moralidade;1;nom
moralização;1;nom
morel;1;nr
morrer;1;ver
morte;1;nom
morto;1;adj
moscardi;1;nr
mourão;1;nom
movimentado;1;adj
movimento;1;nom
mpe;1;nr
ms;1;nr
msg;1;nr
mta;1;nr
mudança;1;nom
multidão;1;nom
municao;1;nr
municipal;1;adj
muuuuito;1;nr
mácula;1;nom
mão;1;nom
mítico;1;adj
münchen;1;nr
naõ;1;nr
necessario;1;nr
necessidade13;1;nr
nefi;1;nr
negocial;1;adj
negociar;1;ver
nelson;1;nom
neoconstitucionalismo;1;nr
nepor;1;nr
nereu;1;nr
neutralität;1;nr
nexo;1;nom
nicho;1;nom
ninguem;1;nr
nomeante;1;adj
non;1;nr
normativo;1;adj
norte_americanos;1;nr
notar;1;ver
notoriedade;1;nom
nov;1;nr
novamente;1;adv
nove;1;adj_num
nuclear;1;adj
nueva;1;nr
nulo;1;adj
nunca;1;adv
nutrir;1;ver
nítido;1;adj
núncio;1;nom
objetivar;1;ver
objetivação;1;nom
objetividade;1;nom
oblíquo;1;adj
obstante;1;adj
obstar;1;ver
ocasionado;1;adj
ocultar;1;ver
ocultação;1;nom
ocupante;1;nom
odb;1;nr
of;1;nr
ofender;1;ver
ofendido;1;adj
ofertar;1;ver
oficios;1;nr
oficioso;1;adj
ofuscar;1;ver
oi;1;ono
oito;1;adj_num
olhar;1;nom
omerta;1;nr
omitir;1;ver
onze;1;adj_num
opcao;1;nr
operandi;1;nr
operar;1;ver
opinar;1;ver
oportunamente;1;adv
oportunizada;1;nr
ops;1;nr
ordenado;1;adj
ordenamento;1;nom
original;1;adj
orlandinho;1;nr
orquestra;1;nom
ortodoxia;1;nom
osmar;1;nom
ostentar;1;ver
out;1;nr
out2;1;nr
outorgar;1;ver
outubro;1;nom
over;1;nom
pablo;1;nom
pacelli;1;nr
pacto;1;nom
padrão;1;nom
panorama;1;nom
paolo;1;nom
parabéns;1;nom
paradeiro;1;nom
paradigmático;1;adj
paranoico;1;nr
parar;1;ver
parceria;1;nom
parcimônia;1;nom
parir;1;ver
parlatório;1;nr
particularmente;1;adv
particularíssimas;1;nr
parâmetro;1;nom
passado;1;adj
passivo;1;adj
passu;1;nr
patente;1;nom
patrocinar;1;ver
paula;1;nom
pc;1;nr
peculiar;1;adj
pedra;1;nom
pegar;1;ver_sup
pejorativo;1;adj
pensamento;1;nom
percebido;1;adj
perdurar;1;ver
perene;1;adj
pericial;1;adj
periculosidade;1;nom
periférico;1;adj
perigo;1;nom
permanecer;1;ver
pernicioso;1;adj
perpassar;1;ver
perseguir;1;ver
personificar;1;ver
pertinente;1;adj
pesquisa;1;nom
pesquisador;1;nom
pessoalmente;1;adv
pesssoal;1;nr
petista;1;adj
petrolão;1;nr
philippe;1;nr
pieroth;1;nr
piersack;1;nr
pintar;1;ver
pinto;1;nom
pior;1;adj
piso;1;nom
planejar;1;ver
plano;1;nom
plantão;1;nom
plea;1;nr
pleitear;1;ver
poderoso;1;adj
polemicar;1;ver
politicamente;1;adv
politicar;1;ver
polo;1;nom
ponderado;1;adj
pons;1;nr
ponta;1;nom
pontual;1;adj
população;1;nom
populista;1;adj
portar;1;ver
porto;1;nom
posicionar;1;ver
possivelmente;1;adv
possuir;1;ver
postulado;1;nom
postular;1;ver
potencializar;1;ver
povo;1;nom_sup
praticamente;1;adv
preconceber;1;ver
preconcepções;1;nr
predicado;1;nom
predisposição;1;nom
predominante;1;adj
preferir;1;ver
prejudicado;1;adj
prelecionar;1;ver
preliminarmente;1;adv
premeditar;1;ver
premiado;1;adj
premiais;1;nr
premissa;1;nom
prenhe;1;adj
preocupar;1;ver
preparação;1;nom
preparo;1;nom
prescindir;1;ver
presença;1;nom
preservado;1;adj
presidiário;1;nom
presidência;1;nom
prestação;1;nom
presídio;1;nom
pretendido;1;adj
pretenso;1;adj
prevenção;1;nom
primado;1;nom
primeiramente;1;adv
primordial;1;adj
primórdio;1;nom
principiar;1;ver
prioritário;1;adj
privacidade;1;nom
privilegios;1;nr
probabilidade;1;nom
proceder;1;ver
procedimiento;1;nr
procuração;1;nom
proferir;1;ver
profundo;1;adj
programa;1;nom
progressivo;1;adj
progressão;1;nom
proibir;1;ver
projetar;1;ver
prolator;1;nom
promessa;1;nom
promovido;1;adj
propensão;1;nom
propiciar;1;ver
proporcional;1;adj
proporcionalidade;1;nom
propositura;1;nom
prorrogação;1;nom
prosseguir;1;ver
protagonismo;1;nom
proteger;1;ver
protocolamos;1;nr
provado;1;adj
proveniente;1;adj
provável;1;adj
pré_campanha;1;nr
pré_constitucional;1;nr
pré_julgamentos;1;nr
prêmio;1;nom
pró_réu;1;nr
psicológico;1;adj
psl;1;nr
pt;1;nr
publicidade;1;nom
pular;1;ver
puniendi;1;nr
puro;1;adj
página;1;nom
pétreo;1;adj
qua;1;nr
quadra;1;nom
quadrilha;1;nom
qualificado;1;adj
quebrar;1;ver
quintella;1;nr
racionalidade;1;nom
rapidamente;1;adv
razoar;1;ver
raúl;1;nom
rbccrim;1;nr
re;1;nr
reabertura;1;nom
realizado;1;adj
realmente;1;adv
recalcitrâncias;1;nr
receio;1;nom
recepção;1;nom
reconhecidamente;1;adv
recuperar;1;ver
recursal;1;adj
recursar;1;nr
redigir;1;ver
redirecionar;1;nr
redistribuição;1;nom
reduzir;1;ver
redução;1;nom
reescrever;1;ver
referendo;1;nom
referente;1;adj
reflexoes;1;nr
reforço;1;nom
regular;1;adj
regularidade;1;nom
regência;1;nom
reino;1;nom
relativização;1;nom
relativizações;1;nr
relato;1;nom
relembrar;1;ver
relevado;1;adj
relevar;1;ver
relevo;1;nom
relutar;1;ver
remanescente;1;adj
remediar;1;ver
rememorados;1;nr
remissão;1;nom
remédio;1;nom
renata;1;nom
renato;1;nom
render;1;ver
reparação;1;nom
repassado;1;adj
repetir;1;ver
repressivo;1;adj
reprodução;1;nom
republicano;1;adj
repugnante;1;adj
repúdio;1;nom
requerente;1;nom
requerido;1;adj
requerimento;1;nom
requisito;1;nom
requisição;1;nom
rer;1;ver
reserva;1;nom
reservadamente;1;adv
resgatar;1;ver
reshma;1;nr
residência;1;nom
resolver;1;ver
respeitar;1;ver
respeitosamente;1;adv
resplandecer;1;ver
restaurar;1;ver
restrito;1;adj
resumir;1;ver
retardado;1;adj
retificar;1;ver
retirar;1;ver
retomada;1;nom
retraído;1;adj
retrospecto;1;nom
revan;1;nr
revanche;1;nom
revelia;1;nom
revisao;1;nr
revisor;1;nom
revisão;1;nom
revolvimento;1;nom
rg;1;nr
rhc_agr;1;nr
richters;1;nr
rico;1;adj
rigor;1;nom
rigorosamente;1;adv
riqueza;1;nom
rj;1;nr
robinho;1;nr
rodapé;1;nom
rodrigo;1;nom
rol;1;nom
roma;1;nom
romario;1;nr
romper;1;ver
rossi;1;nom
rsrsrs;1;nr
rubens;1;nom
ruim;1;adj
rumo;1;nom
rumoroso;1;adj
rural;1;adj
rússia;1;nom
sabedor;1;nom
sacanagem;1;nom
saguão;1;nom
salvar;1;ver
sancionamento;1;nr
sandália;1;nom
sao;1;nr
satisfeito;1;adj
saujani;1;nr
sc;1;nr
scalcon;1;nr
schahin_bumlai;1;nr
scheichelbauer;1;nr
schimidt;1;nr
schlink;1;nr
schmidt;1;nom
secretaria;1;nom
secreto;1;adj
secretário;1;nom
segregar;1;ver
segregação;1;nom
seguro;1;adj
seis;1;adj_num
selecionar;1;ver
seletividade;1;nom
seleção;1;nom
senado;1;nom
sensacional;1;adj
sensu;1;nr
sentir;1;ver
sequencial;1;adj
sequência;1;nom
sereno;1;adj
seriedade;1;nom
serventuário;1;nom
servir;1;ver
sessão;1;nom
set;1;nom
shou;1;nr
show;1;nom
silenciar;1;ver
simplesmente;1;adv
simultaneamente;1;adv
sindicalista;1;nom
sine;1;nr
situar;1;ver
sobrelevar;1;ver
sobrepor;1;ver
solicitar;1;ver
solicitação;1;nom
solida;1;nr
solidariedade;1;nom
sondar;1;ver
sorrateiro;1;adj
soviético;1;adj
sr;1;nr
staatsrecht;1;nr
standart;1;nr
sterling;1;nr
stj;1;nr
storytelling;1;nr
subalternidade;1;nom
subjetivismo;1;nom
subjugar;1;ver
submissão;1;nom
subserviente;1;adj
subsidiariedade;1;nom
substituição;1;nom
subverter;1;ver
suceder;1;ver
sucintamente;1;adv
suficientemente;1;adv
suficiência;1;nom
sui;1;nr
super;1;adj
superar;1;ver
supervenientemente;1;nr
supervisionar;1;ver
supracitado;1;adj
suprir;1;ver
surgimento;1;nom
suscetível;1;adj
suscitado;1;adj
suspensao;1;nr
sustentação;1;nom
sénior;1;nom
série;1;nom
sócio;1;nom
sólido;1;adj
t;1;nom_sup
tabela;1;nom
tao;1;nr
tapa;1;nom
tapete;1;nom
tarefa;1;nom
tata;1;nr
taxar;1;ver
tel;1;nr
tela;1;nom
telefonema;1;nom
telefonica;1;nr
temis;1;nr
temporal;1;adj
tenderíamos;1;nr
tentado;1;adj
teoria;1;nom
teoría;1;nr
tera;1;nr
terca;1;nr
terceirizada;1;nr
tercietà;1;nr
teresa;1;nom
tergiversar;1;ver
territorial;1;adj
testemunhal;1;adj
testemunho;1;nom
teto;1;nom
texier;1;nr
thoimpson;1;nr
thompson18;1;nr
thomson;1;nr
tinah;1;nr
tipificar;1;ver
titularidade;1;nom
toa;1;nom
tolerado;1;adj
tolerar;1;ver
tolerância;1;nom
topar;1;ver
toque;1;nom
torcer;1;ver
tornado;1;nom
totalitário;1;adj
trabalhista;1;adj
trago;1;nom
tramitar;1;ver
tranquilidade;1;nom
tranquilo;1;adj
transação;1;nom
transcorrer;1;ver
transferir;1;ver
transvestir;1;ver
travado;1;adj
travestido;1;nr
trench;1;nr
treva;1;nom
troca;1;nom
tronco;1;nom
trás;1;adv
trâmite;1;nom
trânsito;1;nom
tutelar;1;adj
tv;1;nr
tvz;1;nr
tático;1;adj
técnico;1;nom
tórtima;1;nr
tônico;1;adj
ultimar;1;ver
ultrajar;1;ver
und;1;nr
unica;1;nr
unilateral;1;adj
unir;1;ver
universalidade;1;nom
university;1;nr
união;1;nom
uol;1;nr
usariamos;1;nr
usurpar;1;ver
usurpação;1;nom
usuário;1;nom
vaidade;1;nom
valadés;1;nr
validar;1;ver
valorar;1;ver
vao;1;nr
variasssss;1;nr
variação;1;nom
vaza_jato;1;nr
vedado;1;adj
vedação;1;nom
veemência;1;nom
veiculação;1;nom
vencido;1;adj
venda;1;nom
venia;1;nr
vento;1;nom
verbalizei;1;nr
verbis;1;nr
verdadeiramente;1;adv
verfahrensbeteiligter;1;nr
vergonha;1;nom
verificável;1;adj
verlag;1;nr
versar;1;ver
verticalização;1;nr
vetor;1;nom
viajar;1;ver
vicente;1;nom
vigente;1;adj
vigência;1;nom
viola;1;nom
violentar;1;ver
violento;1;adj
virado;1;nom
visanet;1;nr
visao;1;nr
viver;1;ver
vivência;1;nom
volta;1;nom
volume;1;nom
vossa;1;pro_pos
voto_relator;1;nr
voto_vista;1;nr
watanabe;1;nom
webday;1;nr
william;1;nom
winter;1;nr
xeque;1;nom
xxvi;1;nr
xxxviii;1;nr
xyz;1;nr
young;1;nom
youssef;1;nr
zafra;1;nr
zanichelli;1;nr
zavaski;1;nr
zekner;1;nr
zenkner;1;nr
ágil;1;adj
álibi;1;nom
área;1;nom
áustria;1;nom
ãh;1;nr
ética;1;nom
étnico;1;adj
íntegro;1;nom
ó;1;ono
ópera;1;nom
ótica;1;nom
ônus;1;nom